{
    "$schema": "https://schema.management.azure.com/schemas/2015-01-01/deploymentParameters.json#",
    "contentVersion": "1.0.0.0",
    "parameters": {
        "azureFirewalls_fw_name": {
            "value": null
        },
        "publicIPAddresses_myfwmanpubip_externalid": {
            "value": null
        },
        "virtualNetworks_fwvnet_externalid": {
            "value": null
        },
        "publicIPAddresses_myfewpubip_externalid": {
            "value": null
        },
        "firewallPolicies_myfewpolicy_externalid": {
            "value": null
        }
    }
}