{
    "$schema": "https://schema.management.azure.com/schemas/2019-04-01/deploymentTemplate.json#",
    "contentVersion": "1.0.0.0",
    "parameters": {
        "azureFirewalls_fw_name": {
            "defaultValue": "fw",
            "type": "String"
        },
        "publicIPAddresses_myfwmanpubip_externalid": {
            "defaultValue": "/subscriptions/1915e08e-5384-4b3d-8e3a-d084b00606d9/resourceGroups/fwEastus/providers/Microsoft.Network/publicIPAddresses/myfwmanpubip",
            "type": "String"
        },
        "virtualNetworks_fwvnet_externalid": {
            "defaultValue": "/subscriptions/1915e08e-5384-4b3d-8e3a-d084b00606d9/resourceGroups/fwEastus/providers/Microsoft.Network/virtualNetworks/fwvnet",
            "type": "String"
        },
        "publicIPAddresses_myfewpubip_externalid": {
            "defaultValue": "/subscriptions/1915e08e-5384-4b3d-8e3a-d084b00606d9/resourceGroups/fwEastus/providers/Microsoft.Network/publicIPAddresses/myfewpubip",
            "type": "String"
        },
        "firewallPolicies_myfewpolicy_externalid": {
            "defaultValue": "/subscriptions/1915e08e-5384-4b3d-8e3a-d084b00606d9/resourceGroups/fwEastus/providers/Microsoft.Network/firewallPolicies/myfewpolicy",
            "type": "String"
        }
    },
    "variables": {},
    "resources": [
        {
            "type": "Microsoft.Network/azureFirewalls",
            "apiVersion": "2024-07-01",
            "name": "[parameters('azureFirewalls_fw_name')]",
            "location": "eastus",
            "zones": [
                "1",
                "2",
                "3"
            ],
            "properties": {
                "sku": {
                    "name": "AZFW_VNet",
                    "tier": "Standard"
                },
                "threatIntelMode": "Alert",
                "additionalProperties": {},
                "managementIpConfiguration": {
                    "name": "[concat('my', parameters('azureFirewalls_fw_name'), 'manpubip')]",
                    "id": "[concat(resourceId('Microsoft.Network/azureFirewalls', parameters('azureFirewalls_fw_name')), concat('/azureFirewallIpConfigurations/my', parameters('azureFirewalls_fw_name'), 'manpubip'))]",
                    "properties": {
                        "publicIPAddress": {
                            "id": "[parameters('publicIPAddresses_myfwmanpubip_externalid')]"
                        },
                        "subnet": {
                            "id": "[concat(parameters('virtualNetworks_fwvnet_externalid'), '/subnets/AzureFirewallManagementSubnet')]"
                        }
                    }
                },
                "ipConfigurations": [
                    {
                        "name": "myfewpubip",
                        "id": "[concat(resourceId('Microsoft.Network/azureFirewalls', parameters('azureFirewalls_fw_name')), '/azureFirewallIpConfigurations/myfewpubip')]",
                        "properties": {
                            "publicIPAddress": {
                                "id": "[parameters('publicIPAddresses_myfewpubip_externalid')]"
                            },
                            "subnet": {
                                "id": "[concat(parameters('virtualNetworks_fwvnet_externalid'), '/subnets/AzureFirewallSubnet')]"
                            }
                        }
                    }
                ],
                "networkRuleCollections": [],
                "applicationRuleCollections": [],
                "natRuleCollections": [],
                "firewallPolicy": {
                    "id": "[parameters('firewallPolicies_myfewpolicy_externalid')]"
                }
            }
        }
    ]
}